{
  "version": 1,
  "author": "The Bin - Hack Club",
  "editor": "wokwi",
  "parts": [
    { "type": "board-pi-pico-w", "id": "pico", "top": 0, "left": 0, "attrs": {} },
    {
      "type": "wokwi-mpu6050",
      "id": "wokwi-mpu6050-0",
      "top": 99.22,
      "left": -161.72,
      "rotate": 90,
      "attrs": {}
    },
    { "type": "wokwi-servo", "id": "wokwi-servo-0", "top": 122.8, "left": 182.4, "attrs": {} },
    { "type": "wokwi-servo", "id": "wokwi-servo-1", "top": 36.4, "left": 182.4, "attrs": {} },
    {
      "type": "wokwi-led-bar-graph",
      "id": "wokwi-led-bar-graph-0",
      "top": 235.2,
      "left": -129.6,
      "attrs": {}
    },
    {
      "type": "wokwi-slide-potentiometer",
      "id": "wokwi-slide-potentiometer-0",
      "top": 245,
      "left": 8.6,
      "attrs": {}
    }
  ],
  "connections": [
    [ "pico:GP0", "$serialMonitor:RX", "", [] ],
    [ "pico:GP1", "$serialMonitor:TX", "", [] ],
    [ "wokwi-servo-1:PWM", "pico:GP22", "green", [ "h-96", "v9.8" ] ],
    [ "wokwi-servo-0:PWM", "pico:GP21", "green", [ "h-28.8", "v0.2" ] ],
    [ "wokwi-servo-1:GND", "pico:GND.8", "black", [ "h-67.2", "v-57.6" ] ],
    [ "pico:VBUS", "wokwi-servo-1:V+", "green", [ "h71.06", "v83.05" ] ],
    [ "pico:VBUS", "wokwi-servo-0:V+", "green", [ "h90.26", "v169.55" ] ],
    [ "wokwi-servo-0:GND", "pico:GND.7", "black", [ "h-67.2", "v-76.8", "h-9.6", "v-19.2" ] ],
    [
      "pico:3V3",
      "wokwi-mpu6050-0:VCC",
      "green",
      [ "h23.06", "v-60.85", "h-259.2", "v182.4", "h76.8", "v-9.6" ]
    ],
    [ "wokwi-mpu6050-0:GND", "pico:GND.4", "black", [ "h76.8", "v19.28" ] ],
    [ "wokwi-mpu6050-0:SDA", "pico:GP4", "green", [ "h48", "v-76.72", "h38.4" ] ],
    [ "wokwi-mpu6050-0:SCL", "pico:GP5", "green", [ "h67.2", "v-76.72" ] ],
    [
      "wokwi-slide-potentiometer-0:GND",
      "pico:GND.7",
      "black",
      [ "v-57.6", "h-119.6", "v-124.8" ]
    ],
    [
      "wokwi-slide-potentiometer-0:VCC",
      "pico:3V3_EN",
      "red",
      [ "h-19.2", "v-38.4", "h124.8", "v-182.4" ]
    ],
    [ "wokwi-slide-potentiometer-0:SIG", "pico:GP15", "green", [ "h-38.4", "v-20" ] ]
  ],
  "dependencies": {}
}