{
  "version": 1,
  "author": "The Bin - Hack Club",
  "editor": "wokwi",
  "parts": [
    { "type": "wokwi-pi-pico", "id": "pico", "top": -3.25, "left": 3.55, "attrs": {} },
    {
      "type": "wokwi-mpu6050",
      "id": "wokwi-mpu6050-0",
      "top": 51.22,
      "left": -248.12,
      "rotate": 90,
      "attrs": {}
    },
    { "type": "wokwi-servo", "id": "wokwi-servo-1", "top": 36.4, "left": 182.4, "attrs": {} },
    {
      "type": "wokwi-led-bar-graph",
      "id": "wokwi-led-bar-graph-0",
      "top": 216.2,
      "left": -100.6,
      "rotate": 90,
      "attrs": {}
    },
    {
      "type": "wokwi-slide-potentiometer",
      "id": "wokwi-slide-potentiometer-0",
      "top": 101,
      "left": 402.2,
      "attrs": { "value": "5" }
    },
    {
      "type": "wokwi-relay-module",
      "id": "wokwi-relay-module-0",
      "top": 371,
      "left": -208.4,
      "rotate": 90,
      "attrs": {}
    },
    { "type": "wokwi-led", "id": "wokwi-led-0", "top": 476.4, "left": -149.8, "attrs": {} },
    {
      "type": "wokwi-pushbutton",
      "id": "wokwi-pushbutton-0",
      "top": 380.6,
      "left": 19.2,
      "attrs": { "key": "o" }
    }
  ],
  "connections": [
    [ "pico:GP0", "$serialMonitor:RX", "", [] ],
    [ "pico:GP1", "$serialMonitor:TX", "", [] ],
    [ "wokwi-servo-1:PWM", "pico:GP22", "green", [ "h-96", "v9.8" ] ],
    [ "wokwi-servo-1:GND", "pico:GND.8", "black", [ "h-67.2", "v-57.6" ] ],
    [ "pico:VBUS", "wokwi-servo-1:V+", "green", [ "h71.06", "v83.05" ] ],
    [
      "pico:3V3",
      "wokwi-mpu6050-0:VCC",
      "green",
      [ "h23.06", "v-60.85", "h-259.2", "v182.4", "h76.8", "v-9.6" ]
    ],
    [ "wokwi-mpu6050-0:GND", "pico:GND.4", "black", [ "h76.8", "v19.28" ] ],
    [ "wokwi-mpu6050-0:SDA", "pico:GP4", "green", [ "h48", "v-76.72", "h38.4" ] ],
    [ "wokwi-mpu6050-0:SCL", "pico:GP5", "green", [ "h67.2", "v-76.72" ] ],
    [
      "wokwi-slide-potentiometer-0:GND",
      "pico:GND.7",
      "black",
      [ "h-5.2", "v-57.6", "h-124.8", "v-153.7" ]
    ],
    [ "wokwi-led-bar-graph-0:A1", "pico:GP6", "green", [ "v0" ] ],
    [ "wokwi-led-bar-graph-0:A2", "pico:GP7", "green", [ "v0" ] ],
    [ "wokwi-led-bar-graph-0:A3", "pico:GP8", "green", [ "v0" ] ],
    [ "wokwi-led-bar-graph-0:A4", "pico:GP9", "green", [ "v0" ] ],
    [ "wokwi-led-bar-graph-0:A5", "pico:GP10", "green", [ "v0" ] ],
    [ "wokwi-led-bar-graph-0:A6", "pico:GP11", "green", [ "v0" ] ],
    [ "wokwi-led-bar-graph-0:A7", "pico:GP12", "green", [ "v0" ] ],
    [ "wokwi-led-bar-graph-0:A8", "pico:GP13", "green", [ "v0" ] ],
    [ "wokwi-led-bar-graph-0:A9", "pico:GP14", "green", [ "v0" ] ],
    [ "wokwi-led-bar-graph-0:A10", "pico:GP16", "green", [ "v-29.2", "h220.81", "v-9.6" ] ],
    [ "wokwi-led-bar-graph-0:C10", "pico:GND.4", "green", [ "v19.02", "h96.01", "v-124.8" ] ],
    [ "wokwi-led-bar-graph-0:C9", "pico:GND.4", "green", [ "v19.02", "h86.41", "v-115.2" ] ],
    [ "wokwi-led-bar-graph-0:C8", "pico:GND.4", "green", [ "v19.02", "h76.81", "v-115.2" ] ],
    [ "wokwi-led-bar-graph-0:C7", "pico:GND.4", "green", [ "v19.02", "h67.21", "v-67.2" ] ],
    [
      "wokwi-led-bar-graph-0:C6",
      "pico:GND.4",
      "green",
      [ "v9.42", "h0.01", "v9.6", "h57.6", "v-115.2" ]
    ],
    [ "wokwi-led-bar-graph-0:C5", "pico:GND.4", "green", [ "v19.02", "h48.01", "v-115.2" ] ],
    [ "wokwi-led-bar-graph-0:C4", "pico:GND.4", "green", [ "v19.02", "h38.4", "v-115.2" ] ],
    [ "wokwi-led-bar-graph-0:C3", "pico:GND.4", "green", [ "v19.02", "h28.8", "v-115.2" ] ],
    [ "wokwi-led-bar-graph-0:C2", "pico:GND.4", "green", [ "v19.02", "h19.2", "v-115.2" ] ],
    [ "wokwi-led-bar-graph-0:C1", "pico:GND.4", "green", [ "v19.02", "h9.6", "v-115.2" ] ],
    [
      "wokwi-slide-potentiometer-0:VCC",
      "pico:3V3_EN",
      "red",
      [ "h-9.6", "v-48", "h115.2", "v-201.6" ]
    ],
    [
      "wokwi-slide-potentiometer-0:SIG",
      "pico:GP28",
      "green",
      [ "h-28.8", "v-58.4", "h153.6", "v-96", "h-48", "v-96" ]
    ],
    [
      "wokwi-relay-module-0:VCC",
      "pico:3V3",
      "red",
      [ "v-86.4", "h0", "v-38.4", "h220.8", "v-163.2" ]
    ],
    [ "wokwi-relay-module-0:GND", "pico:GND.3", "black", [ "v-211.2", "h29.2" ] ],
    [ "wokwi-led-0:C", "pico:GND.4", "green", [ "v9.6", "h96.4", "v-278.4", "h19.2" ] ],
    [ "pico:GP3", "wokwi-relay-module-0:IN", "green", [ "h-163.15", "v86.5" ] ],
    [ "wokwi-pushbutton-0:1.r", "pico:GP17", "green", [ "v0", "h38.6", "v-211.2", "h-48" ] ],
    [ "wokwi-pushbutton-0:2.l", "pico:GND.4", "green", [ "h-28.8", "v-220.6" ] ],
    [
      "wokwi-relay-module-0:COM",
      "pico:3V3",
      "green",
      [ "v39.6", "h1.4", "v57.6", "h364.8", "v-412.8", "h-96", "v-9.6" ]
    ],
    [ "wokwi-led-0:A", "wokwi-relay-module-0:NO", "green", [ "v-48", "h-28.8" ] ]
  ],
  "dependencies": {}
}